,UID,Name,Brand,Price,Rating,Questions Count,URL,0,1,2,UID,Brand,SKU,Protection,Year,Number_Of_Cameras,Warranty Policy EN
0,1,Samsung A14 4GB/64GB - 5000 mAh Battery - 6.6' Display - Android 13,Samsung,34999,4.4,337,https://www.daraz.pk/products/samsung-a14-4gb64gb-5000-mah-battery-66-display-android-13-i436839264-s2101404094.html?search=1,"{'UID': 1, 'Review_ID': 1, 'Name': 'Muhammad B.', 'Rating': 5, 'Text': ""Unbelievable! phone is 100 percent original and value for money, don't know how seller managed to offer the phone in such a cheap price, moreover its officially PTA approved. seller deserves 10 stars""}","{'UID': 1, 'Review_ID': 2, 'Name': 'Musadique S.', 'Rating': 5, 'Text': 'Genuine samsung mobile, well packed, pta approved. I like it. Very beautiful mobile and hope it will be long lasting experience. #11.11'}","{'UID': 1, 'Review_ID': 3, 'Name': 'S***.', 'Rating': 5, 'Text': '#11.11 Mobile without mobile warranty card, charger but seems good, packing was not good delivery is pathatic'}",1,No Brand,436839264_PK-2101404094,Not Specified,2020,Not Specified,
1,2,Redmi Note 12 8 GB RAM + 128GB ROM PTA Approved Mobile Phone with 1 Year Brand Warranty,Redmi,49999,4.7,337,https://www.daraz.pk/products/redmi-note-12-8-gb-ram-128gb-rom-pta-approved-mobile-phone-with-1-year-brand-warranty-i429185340-s2040915791.html?search=1,"{'UID': 1, 'Review_ID': 4, 'Name': 'Muhammad B.', 'Rating': 5, 'Text': ""Unbelievable! phone is 100 percent original and value for money, don't know how seller managed to offer the phone in such a cheap price, moreover its officially PTA approved. seller deserves 10 stars""}","{'UID': 1, 'Review_ID': 5, 'Name': 'Musadique S.', 'Rating': 5, 'Text': 'Genuine samsung mobile, well packed, pta approved. I like it. Very beautiful mobile and hope it will be long lasting experience. #11.11'}","{'UID': 1, 'Review_ID': 6, 'Name': 'S***.', 'Rating': 5, 'Text': '#11.11 Mobile without mobile warranty card, charger but seems good, packing was not good delivery is pathatic'}",2,Xiaomi,429185340_PK-2040915791,Not Specified,Not Specified,Not Specified,
2,3,Infinix Note 30 Pro 8-256 GB PTA Approved With Official 1 Year Warranty,Infinix,64499,4.7,337,https://www.daraz.pk/products/infinix-note-30-pro-8-256-gb-pta-approved-with-official-1-year-warranty-i436821010-s2101334479.html?search=1,"{'UID': 2, 'Review_ID': 1, 'Name': 'Gohar I.', 'Rating': 5, 'Text': 'this is the initial review. the phone is the same as shown.good thing is that it is managed directly by Daraz. packaging was amazing. order came 1 day late only.'}","{'UID': 2, 'Review_ID': 2, 'Name': 'Yasir Q.', 'Rating': 5, 'Text': 'Daraz is very helpfulğŸ˜ğŸ˜I was not have enough money to buy this range mobile so i buy on installment from darazğŸ˜ğŸ˜ğŸ˜ Mobile ki look boht achi hy or is range mai best hyğŸ˜Thanks daraz and sellerğŸ¤“'}","{'UID': 2, 'Review_ID': 3, 'Name': '3***4', 'Rating': 3, 'Text': 'Camera satisfactory nh ha, Baki mobile ok ha'}",3,No Brand,436821010_PK-2101334479,Not Specified,Not Specified,Not Specified,
3,4,Redmi A2+ - 3GB/64GB - Mediatek Helio G36 - Android 12- 5000 mAh Battery,Redmi,19399,4.7,337,https://www.daraz.pk/products/redmi-a2-3gb64gb-mediatek-helio-g36-android-12-5000-mah-battery-i430451931-s2051820850.html?search=1,"{'UID': 2, 'Review_ID': 4, 'Name': 'Gohar I.', 'Rating': 5, 'Text': 'this is the initial review. the phone is the same as shown.good thing is that it is managed directly by Daraz. packaging was amazing. order came 1 day late only.'}","{'UID': 2, 'Review_ID': 5, 'Name': 'Yasir Q.', 'Rating': 5, 'Text': 'Daraz is very helpfulğŸ˜ğŸ˜I was not have enough money to buy this range mobile so i buy on installment from darazğŸ˜ğŸ˜ğŸ˜ Mobile ki look boht achi hy or is range mai best hyğŸ˜Thanks daraz and sellerğŸ¤“'}","{'UID': 2, 'Review_ID': 6, 'Name': '3***4', 'Rating': 3, 'Text': 'Camera satisfactory nh ha, Baki mobile ok ha'}",4,Xiaomi,430451931_PK-2051820850,Not Specified,Not Specified,2,
4,5,Realme Narzo 50A Prime (4GB-128GB) PTA Approved With Official 1 Year Warranty,Realme,32999,4.2,337,https://www.daraz.pk/products/realme-narzo-50a-prime-4gb-128gb-pta-approved-with-official-1-year-warranty-i436801398-s2101274809.html?search=1,"{'UID': 3, 'Review_ID': 1, 'Name': 'Snake E.', 'Rating': 5, 'Text': 'I got what was shown, but I want to tell about the seller that my chat was not responded even after a couple of days, so please make your availability there so that the customer can place the order with full sitesify. Because the amount matters But my goal was to buy the product from there, so I took what I have and it is ğŸ’¯ %authentic, and the warranty has not started yet, But the handsfree did not come out of the box, maybe not provided by the company. So the Overall experience was great and the seller is highly recommended. Thanks Daraz & Seller.ğŸ¥°'}","{'UID': 3, 'Review_ID': 2, 'Name': 'israr A.', 'Rating': 5, 'Text': 'Great Experience as usual and I have purchased many mobiles from DARAZ but this time get maximum discount in 11/11 Sales on Note 30 pro'}","{'UID': 3, 'Review_ID': 3, 'Name': 'basit 7.', 'Rating': 4, 'Text': 'Asalam o alikum so nice Mob bht acha hai ğŸ‘Œsame as show iâ€™m satisfied to daraz thanks daraz and delivery time also good'}",5,No Brand,436801398_PK-2101274809,Not Specified,Not Specified,Not Specified,
5,6,Redmi note 12 8GB RAM -128GB ROM PTA APPROVED OFFICIAL WARRANTY SUPER FAST CHARGING,Redmi,50499,0,337,https://www.daraz.pk/products/redmi-note-12-8gb-ram-128gb-rom-pta-approved-official-warranty-super-fast-charging-i421521093-s1991845039.html?search=1,"{'UID': 3, 'Review_ID': 4, 'Name': 'Snake E.', 'Rating': 5, 'Text': 'I got what was shown, but I want to tell about the seller that my chat was not responded even after a couple of days, so please make your availability there so that the customer can place the order with full sitesify. Because the amount matters But my goal was to buy the product from there, so I took what I have and it is ğŸ’¯ %authentic, and the warranty has not started yet, But the handsfree did not come out of the box, maybe not provided by the company. So the Overall experience was great and the seller is highly recommended. Thanks Daraz & Seller.ğŸ¥°'}","{'UID': 3, 'Review_ID': 5, 'Name': 'israr A.', 'Rating': 5, 'Text': 'Great Experience as usual and I have purchased many mobiles from DARAZ but this time get maximum discount in 11/11 Sales on Note 30 pro'}","{'UID': 3, 'Review_ID': 6, 'Name': 'basit 7.', 'Rating': 4, 'Text': 'Asalam o alikum so nice Mob bht acha hai ğŸ‘Œsame as show iâ€™m satisfied to daraz thanks daraz and delivery time also good'}",6,Redmi,421521093_PK-1991845039,Not Specified,Not Specified,3,
6,7,"Infinix Note 30 8GB/128GB - Android 13 - 6.78"" Display - 5000 mAh Battery",Infinix,43499,4.3,154,https://www.daraz.pk/products/infinix-note-30-8gb128gb-android-13-678-display-5000-mah-battery-i436820987-s2101357944.html?search=1,"{'UID': 4, 'Review_ID': 1, 'Name': '3***8', 'Rating': 5, 'Text': 'Alhamdulillah same recieved as shown in picture. Same specifications A1 condition and fast delivery. Thanks Daraz. i recmond it and i order one more.'}","{'UID': 4, 'Review_ID': 2, 'Name': '3***1', 'Rating': 4, 'Text': 'achhi packing but charging adapter was normal no handsfree no protector no mobile cover baqi use kr ke pta chalay ga dekhnay nice hai'}","{'UID': 4, 'Review_ID': 3, 'Name': 'Haseeb A.', 'Rating': 3, 'Text': 'mobile is just go0d. average in use.. bettery timing is go0d.. camera is just average. overall ghar use k lia thek hai jaha bs call waghaira k lia instmal hota ho'}",7,No Brand,436820987_PK-2101357944,Not Specified,2020,Not Specified,
7,8,Tecno SPARK 10 PRO 8GB RAM - 256GB ROM PTA APPROVED OFFICIAL BRAND WARRANTY,Tecno,38450,4.6,154,https://www.daraz.pk/products/tecno-spark-10-pro-8gb-ram-256gb-rom-pta-approved-official-brand-warranty-i436994487-s2101829511.html?search=1,"{'UID': 4, 'Review_ID': 4, 'Name': '3***8', 'Rating': 5, 'Text': 'Alhamdulillah same recieved as shown in picture. Same specifications A1 condition and fast delivery. Thanks Daraz. i recmond it and i order one more.'}","{'UID': 4, 'Review_ID': 5, 'Name': '3***1', 'Rating': 4, 'Text': 'achhi packing but charging adapter was normal no handsfree no protector no mobile cover baqi use kr ke pta chalay ga dekhnay nice hai'}","{'UID': 4, 'Review_ID': 6, 'Name': 'Haseeb A.', 'Rating': 3, 'Text': 'mobile is just go0d. average in use.. bettery timing is go0d.. camera is just average. overall ghar use k lia thek hai jaha bs call waghaira k lia instmal hota ho'}",8,Tecno,436994487_PK-2101829511,Not Specified,Not Specified,3,ONE YEAR OFFICIAL BRAND WARRANTY
8,9,"SPARX NEO 7 ULTRA 6+128GB || 6.7"" DISPLAY || 5000mAh BATTERY || OCTA CORE PROCESSOR || FAST CHARGING || PTA APPROVED || ONE YEAR BRAND WARRANTY",SPARX,30499,4.4,225,https://www.daraz.pk/products/sparx-neo-7-ultra-6128gb-67-display-5000mah-battery-octa-core-processor-fast-charging-pta-approved-one-year-brand-warranty-i423781498-s2073410404.html?search=1,"{'UID': 5, 'Review_ID': 1, 'Name': 'Habib R.', 'Rating': 5, 'Text': '#11.11 PTA approved device received safely. Mobile battery was low and required charging before getting on.'}","{'UID': 5, 'Review_ID': 2, 'Name': 'ChefMisbah', 'Rating': 5, 'Text': 'everything is perfect colour b same aya..ğŸ˜‡ I am so happy thanks Daraz ..â¤ highly recommended... ğŸ‘ŒğŸ‘'}","{'UID': 5, 'Review_ID': 3, 'Name': 'junaid K.', 'Rating': 5, 'Text': '#11.11 sale main good mobile mil gaya hy market sy bhi sasta same as shown in the picture ğŸ˜º reviews dekh ky tu dar gaya tha but â¤ï¸ genuine product hy pin pack pta approved and non active'}",9,No Brand,423781498_PK-2073410404,Not Specified,Not Specified,2,Change of mind is not applicable
9,10,vivo Y17s - 6GB RAM - 128GB ROM - 5000mAh Battery - 50+2 MP Camera - Helio G85 Processor,vivo,44999,4.8,57,https://www.daraz.pk/products/vivo-y17s-6gb-ram-128gb-rom-5000mah-battery-502-mp-camera-helio-g85-processor-i434216463-s2082615909.html?search=1,"{'UID': 5, 'Review_ID': 4, 'Name': 'Habib R.', 'Rating': 5, 'Text': '#11.11 PTA approved device received safely. Mobile battery was low and required charging before getting on.'}","{'UID': 5, 'Review_ID': 5, 'Name': 'ChefMisbah', 'Rating': 5, 'Text': 'everything is perfect colour b same aya..ğŸ˜‡ I am so happy thanks Daraz ..â¤ highly recommended... ğŸ‘ŒğŸ‘'}","{'UID': 5, 'Review_ID': 6, 'Name': 'junaid K.', 'Rating': 5, 'Text': '#11.11 sale main good mobile mil gaya hy market sy bhi sasta same as shown in the picture ğŸ˜º reviews dekh ky tu dar gaya tha but â¤ï¸ genuine product hy pin pack pta approved and non active'}",10,Vivo,434216463_PK-2082615909,Not Specified,Not Specified,3,
10,11,Samsung Galaxy A14 6GB+128GB,Samsung,54999,4.3,57,https://www.daraz.pk/products/samsung-galaxy-a14-6gb128gb-i422210787-s1998035735.html?search=1,,,,11,Samsung,422210787_PK-1998035735,Not Specified,Not Specified,Not Specified,
11,12,"Redmi 12C - 6.71"" Inch Display - 4GB RAM",Redmi,25990,4.5,30,https://www.daraz.pk/products/redmi-12c-671-inch-display-4gb-ram-i425222112-s2014006595.html?search=1,,,,12,No Brand,425222112_PK-2014006595,Not Specified,Not Specified,3,
12,13,Redmi A2+ || 3GB Ram 64GB Rom || 5000mAh Battery Xiaomi Redmi A2 Plus,Redmi,19999,4.7,30,https://www.daraz.pk/products/a2-3gb-64gb-5000mah-i430324944-s2050666136.html?search=1,"{'UID': 7, 'Review_ID': 1, 'Name': 'abdul S.', 'Rating': 5, 'Text': 'Ù¾Ù† Ù¾ÛŒÚ© ÙÙˆÙ† ÛÛ’Û” Ø¬Ùˆ Ù„ÙˆÚ¯ Ú©ÛØªÛ’ ÛÛŒÚº Ú©Û ÚˆØ¨Û’ Ù…ÛŒÚº Ú©Ú†Ú¾ Ú†ÛŒØ²ÛŒÚº Ú©Ù… ÛÛŒÚº Û” ØªÙˆ Ø´Ø§Ø¦Ø¯ Ø§Ø³ Ú©ÛŒ ÙˆØ¬Û ÛŒÛ ÛÛ’ Ú©Û ÛŒÛ Ù…Ø§ÚˆÙ„ Ú†Ø§Ø¦Ù†Û Ø§Ø³Ù…Ø¨Ù„ ÛÛ’ Û” Ø¨Ø§Ù‚ÛŒ Ø§Ù„Ù„Û Ø¨ÛØªØ± Ø¬Ø§Ù†ØªØ§ ÛÛ’Û”'}","{'UID': 7, 'Review_ID': 2, 'Name': 'Iqbal S.', 'Rating': 5, 'Text': ""It's 128 gb variant not available in Pakistan but the seller has amazingly provided it. The product is genuine, received well packed and timely deievered. Thanks to seller and daraz...""}","{'UID': 7, 'Review_ID': 3, 'Name': '3***2', 'Rating': 5, 'Text': '#11.11 To cut the long story short: all is well and of fine quality.... really satisfied with each and every single thing.. #11.11'}",13,No Brand,430324944_PK-2050666136,Corning Gorilla Glass 1,2020,2,
13,14,Samsung Galaxy A24 8GB+128GB,Samsung,72999,4.6,30,https://www.daraz.pk/products/samsung-galaxy-a24-8gb128gb-i427414634-s2030038838.html?search=1,"{'UID': 7, 'Review_ID': 4, 'Name': 'abdul S.', 'Rating': 5, 'Text': 'Ù¾Ù† Ù¾ÛŒÚ© ÙÙˆÙ† ÛÛ’Û” Ø¬Ùˆ Ù„ÙˆÚ¯ Ú©ÛØªÛ’ ÛÛŒÚº Ú©Û ÚˆØ¨Û’ Ù…ÛŒÚº Ú©Ú†Ú¾ Ú†ÛŒØ²ÛŒÚº Ú©Ù… ÛÛŒÚº Û” ØªÙˆ Ø´Ø§Ø¦Ø¯ Ø§Ø³ Ú©ÛŒ ÙˆØ¬Û ÛŒÛ ÛÛ’ Ú©Û ÛŒÛ Ù…Ø§ÚˆÙ„ Ú†Ø§Ø¦Ù†Û Ø§Ø³Ù…Ø¨Ù„ ÛÛ’ Û” Ø¨Ø§Ù‚ÛŒ Ø§Ù„Ù„Û Ø¨ÛØªØ± Ø¬Ø§Ù†ØªØ§ ÛÛ’Û”'}","{'UID': 7, 'Review_ID': 5, 'Name': 'Iqbal S.', 'Rating': 5, 'Text': ""It's 128 gb variant not available in Pakistan but the seller has amazingly provided it. The product is genuine, received well packed and timely deievered. Thanks to seller and daraz...""}","{'UID': 7, 'Review_ID': 6, 'Name': '3***2', 'Rating': 5, 'Text': '#11.11 To cut the long story short: all is well and of fine quality.... really satisfied with each and every single thing.. #11.11'}",14,Samsung,427414634_PK-2030038838,Not Specified,Not Specified,Not Specified,
14,15,"Infinix Hot 30 , 8GB RAM 128GB ROM , 50MP Main Camera , Fingerprint , 5000mAh Battery",Infinix,36999,4.9,182,https://www.daraz.pk/products/30-8gb-128gb-50mp-5000mah-i432054677-s2064260237.html?search=1,"{'UID': 8, 'Review_ID': 1, 'Name': 'Muhammad Z.', 'Rating': 5, 'Text': 'Excellent ğŸ‘ Pin pack device with mega discount in #11.11 #11.11 seller is honest Daraz has become a life patner. Thanks Daraz. Thanks Tecno Pakistan.'}","{'UID': 8, 'Review_ID': 2, 'Name': 'A***.', 'Rating': 5, 'Text': 'Mobil is little bit slow, camera result average. Seller is not cooperating but product received is well packed and as per mentioned specifications'}","{'UID': 8, 'Review_ID': 3, 'Name': 'aamir B.', 'Rating': 5, 'Text': 'Tecno Spark 10 Pro ğŸ’¯% original mobile, PTA approved, sealed pack, box pack, with all accessories. thank and love u daraz and seller ğŸ¥°ğŸŒ¹ğŸ‘'}",15,No Brand,432054677_PK-2064260237,Not Specified,Not Specified,3,
15,16,Samsung Galaxy A04 4GB+64GB,Samsung,42999,4.6,182,https://www.daraz.pk/products/samsung-galaxy-a04-4gb64gb-i421205430-s1988618927.html?search=1,"{'UID': 8, 'Review_ID': 4, 'Name': 'Muhammad Z.', 'Rating': 5, 'Text': 'Excellent ğŸ‘ Pin pack device with mega discount in #11.11 #11.11 seller is honest Daraz has become a life patner. Thanks Daraz. Thanks Tecno Pakistan.'}","{'UID': 8, 'Review_ID': 5, 'Name': 'A***.', 'Rating': 5, 'Text': 'Mobil is little bit slow, camera result average. Seller is not cooperating but product received is well packed and as per mentioned specifications'}","{'UID': 8, 'Review_ID': 6, 'Name': 'aamir B.', 'Rating': 5, 'Text': 'Tecno Spark 10 Pro ğŸ’¯% original mobile, PTA approved, sealed pack, box pack, with all accessories. thank and love u daraz and seller ğŸ¥°ğŸŒ¹ğŸ‘'}",16,Samsung,421205430_PK-1988618927,Not Specified,Not Specified,Not Specified,1 year
16,17,Xiaomi Redmi Note 12 || 8GB Ram 128GB Rom || 5000mAh Battery 33W Fast Charger,Xiaomi,50399,4.8,182,https://www.daraz.pk/products/12-8gb-128gb-5000mah-33-i421379488-s1989920618.html?search=1,"{'UID': 9, 'Review_ID': 1, 'Name': 'Mohammad N.', 'Rating': 5, 'Text': 'very very beautiful mobile ..i very happy.. price b okk.thanks daraz and seller ..thanku'}","{'UID': 9, 'Review_ID': 2, 'Name': 'Yasir M.', 'Rating': 5, 'Text': 'Awesome mobile recieved on time very fast processor lovely color seller are very cooperative totally satisfied ğŸ‘ŒğŸ‘'}","{'UID': 9, 'Review_ID': 3, 'Name': 'Shahid B.', 'Rating': 5, 'Text': 'thank you Daraz. kam price m achi chiz. saller bht acha h. mobile bht acha h. jaisa dikha waisa paya'}",17,No Brand,421379488_PK-1989920618,Corning Gorilla Glass 1,2020,2,
17,18,Sparx neo 7 ultra 8GB RAM 128GB ROM || 50 MP dual camera || 5000mAh battery || PTA approved || 1 year brand warranty,Sparx,32999,4.3,75,https://www.daraz.pk/products/sparx-neo-7-ultra-8gb-ram-128gb-rom-50-mp-dual-camera-5000mah-battery-pta-approved-1-year-brand-warranty-i432785193-s2114126786.html?search=1,"{'UID': 9, 'Review_ID': 4, 'Name': 'Mohammad N.', 'Rating': 5, 'Text': 'very very beautiful mobile ..i very happy.. price b okk.thanks daraz and seller ..thanku'}","{'UID': 9, 'Review_ID': 5, 'Name': 'Yasir M.', 'Rating': 5, 'Text': 'Awesome mobile recieved on time very fast processor lovely color seller are very cooperative totally satisfied ğŸ‘ŒğŸ‘'}","{'UID': 9, 'Review_ID': 6, 'Name': 'Shahid B.', 'Rating': 5, 'Text': 'thank you Daraz. kam price m achi chiz. saller bht acha h. mobile bht acha h. jaisa dikha waisa paya'}",18,No Brand,432785193_PK-2114126786,Not Specified,Not Specified,2,change of mind is not applicable
18,19,itel A60s 4GB RAM* +128GB ROM 6.6â€³ HD+ Display 5000mAh Battery PTA approved Official Brand Warranty,itel,22399,4.7,75,https://www.daraz.pk/products/itel-a60s-4gb-ram-128gb-rom-66-hd-display-5000mah-battery-pta-approved-official-brand-warranty-i432849791-s2069109931.html?search=1,"{'UID': 10, 'Review_ID': 1, 'Name': 'Hamza', 'Rating': 5, 'Text': 'original set and PTA approved set hai. boht hi aala mobile hai, mat forest green color hai. actual price of mobile was Rs.45000 but I ordered during daraz #11.11 sale and I got in Rs.42000 by availing two discount vouchers. daraz ny mobile buy karny ki bhi tension dur kar di hai, ghar bethy original mobile wo bhi market sey low price mein. Thanks daraz.pk'}","{'UID': 10, 'Review_ID': 2, 'Name': 'Raza A.', 'Rating': 5, 'Text': '#11.11 jitni tareef kru utni kam hy mashallah AJ tak ka sab se behtareen or aala qism ka mobile hy Meri review hy 10/10 mashallah so happy ğŸ˜ŠğŸ˜Š'}","{'UID': 10, 'Review_ID': 3, 'Name': 'Barkat A.', 'Rating': 4, 'Text': 'Product quality is amazing and reached safe at doorstep. Seller is really cooperative and friendly in communication. Recieved product as it is reflected on Daraz. Original product. 100% Gebuin. However, around Rs.2000 costly than physical market. Prices should be aligned to the market rate to eradicate price manipulation. Overall, satisfied with product quality but not satisfied with delivery and product price.'}",19,itel,432849791_PK-2069109931,Not Specified,Not Specified,2,ONE YEAR OFFICIAL BRAND WARRANTY
19,20,"Itel S23 - 6.6"" Inch Display - 8GB + 8GB RAM - 128GB / 256GB ROM",Itel,27999,4.5,54,https://www.daraz.pk/products/itel-s23-66-inch-display-8gb-8gb-ram-128gb-256gb-rom-i427991771-s2034404169.html?search=1,"{'UID': 10, 'Review_ID': 4, 'Name': 'Hamza', 'Rating': 5, 'Text': 'original set and PTA approved set hai. boht hi aala mobile hai, mat forest green color hai. actual price of mobile was Rs.45000 but I ordered during daraz #11.11 sale and I got in Rs.42000 by availing two discount vouchers. daraz ny mobile buy karny ki bhi tension dur kar di hai, ghar bethy original mobile wo bhi market sey low price mein. Thanks daraz.pk'}","{'UID': 10, 'Review_ID': 5, 'Name': 'Raza A.', 'Rating': 5, 'Text': '#11.11 jitni tareef kru utni kam hy mashallah AJ tak ka sab se behtareen or aala qism ka mobile hy Meri review hy 10/10 mashallah so happy ğŸ˜ŠğŸ˜Š'}","{'UID': 10, 'Review_ID': 6, 'Name': 'Barkat A.', 'Rating': 4, 'Text': 'Product quality is amazing and reached safe at doorstep. Seller is really cooperative and friendly in communication. Recieved product as it is reflected on Daraz. Original product. 100% Gebuin. However, around Rs.2000 costly than physical market. Prices should be aligned to the market rate to eradicate price manipulation. Overall, satisfied with product quality but not satisfied with delivery and product price.'}",20,No Brand,427991771_PK-2034404169,Not Specified,Not Specified,3,
20,21,Samsung Galaxy A04 4GB - 64GB OFFICIAL PTA APPROVED OFFICIAL WARRANTY,Samsung,29999,4.5,37,https://www.daraz.pk/products/samsung-galaxy-a04-4gb-64gb-official-pta-approved-official-warranty-i438355041-s2122292352.html?search=1,"{'UID': 11, 'Review_ID': 1, 'Name': 'faheem', 'Rating': 5, 'Text': 'very fast delivery and origional sealed pack mobile I am satisfied'}","{'UID': 11, 'Review_ID': 2, 'Name': 'Khurram J.', 'Rating': 5, 'Text': 'Ø³Ø§Ù… Ø³Ù†Ú¯ 2023 Ú©ÛŒ Ø¨ÛØªØ±ÛŒÙ† Ù¾Ø±ÙˆÚˆÚ©Ù¹ ÛÛ’ Ø¨ÛØªØ±ÛŒÙ† ÚˆØ³Ú©Ø§Ø¤Ù†Ù¹ Ø´Ú©Ø±ÛŒÛ'}","{'UID': 11, 'Review_ID': 3, 'Name': 'Malik S.', 'Rating': 1, 'Text': 'not recommended, not a good set, camera not good,touch very poor, performance also poor, charger not included in box. be careful'}",21,No Brand,438355041_PK-2122292352,Not Specified,Not Specified,3,
21,22,"Redmi 12C, 4GB RAM 128GB ROM , 50 MP Al Dual Camera , Finger Sensor , 5000 mAh Battery , Fast Charging",Redmi,29999,0,37,https://www.daraz.pk/products/12c-4gb-128gb-50-mp-al-5000-mah-i430225803-s2080865730.html?search=1,"{'UID': 11, 'Review_ID': 4, 'Name': 'faheem', 'Rating': 5, 'Text': 'very fast delivery and origional sealed pack mobile I am satisfied'}","{'UID': 11, 'Review_ID': 5, 'Name': 'Khurram J.', 'Rating': 5, 'Text': 'Ø³Ø§Ù… Ø³Ù†Ú¯ 2023 Ú©ÛŒ Ø¨ÛØªØ±ÛŒÙ† Ù¾Ø±ÙˆÚˆÚ©Ù¹ ÛÛ’ Ø¨ÛØªØ±ÛŒÙ† ÚˆØ³Ú©Ø§Ø¤Ù†Ù¹ Ø´Ú©Ø±ÛŒÛ'}","{'UID': 11, 'Review_ID': 6, 'Name': 'Malik S.', 'Rating': 1, 'Text': 'not recommended, not a good set, camera not good,touch very poor, performance also poor, charger not included in box. be careful'}",22,No Brand,430225803_PK-2080865730,Not Specified,Not Specified,2,One Year Brand Warranty
22,23,"Infinix Note 30 , 8GB RAM 256GB ROM , 64MP Main Camera , Fingerprint , 5000mAh Fast Charging",Infinix,46999,4.8,220,https://www.daraz.pk/products/30-8gb-256gb-64mp-5000mah-i430239285-s2059656609.html?search=1,"{'UID': 12, 'Review_ID': 1, 'Name': 'Asim A.', 'Rating': 1, 'Text': 'Mobile was repacked there was no company seal when i confirmed from MI service center they confirm that mobile was Repacked and was Activated 11 days before purchasing date and this shop owner have Assured me and other customers that mobile is not repacked and you will activate for the first time they lied and they are selling the product at increased price from official price but we have comprised on price that they will give us seal pack product but they scammed us and given us a repacked product which was activated before Purchasing.'}","{'UID': 12, 'Review_ID': 2, 'Name': 'Faisal K.', 'Rating': 5, 'Text': 'Nice mobile delivery in time thanks for seller'}","{'UID': 12, 'Review_ID': 3, 'Name': '3***6', 'Rating': 5, 'Text': 'thank you draz and thank you seller bohat Acha mobile Hy or same colour Jo order Kia tha bohat Acha seller Hy over all very nice and good experience'}",23,No Brand,430239285_PK-2059656609,Not Specified,Not Specified,4,One Year Brand Warranty
23,24,Honor X5 Dual SIM 2GB RAM 32GB 4G 1Year Official Warranty,Honor,19999,4.7,220,https://www.daraz.pk/products/honor-x5-dual-sim-2gb-ram-32gb-4g-1year-official-warranty-i421054632-s1988619536.html?search=1,"{'UID': 12, 'Review_ID': 4, 'Name': 'Asim A.', 'Rating': 1, 'Text': 'Mobile was repacked there was no company seal when i confirmed from MI service center they confirm that mobile was Repacked and was Activated 11 days before purchasing date and this shop owner have Assured me and other customers that mobile is not repacked and you will activate for the first time they lied and they are selling the product at increased price from official price but we have comprised on price that they will give us seal pack product but they scammed us and given us a repacked product which was activated before Purchasing.'}","{'UID': 12, 'Review_ID': 5, 'Name': 'Faisal K.', 'Rating': 5, 'Text': 'Nice mobile delivery in time thanks for seller'}","{'UID': 12, 'Review_ID': 6, 'Name': '3***6', 'Rating': 5, 'Text': 'thank you draz and thank you seller bohat Acha mobile Hy or same colour Jo order Kia tha bohat Acha seller Hy over all very nice and good experience'}",24,Honor,421054632_PK-1988619536,Not Specified,Not Specified,1,Any type of Damage and Burn will not cover warranty policy.
24,25,VGOTEL NOTE 23 8+8=16GB RAM 256GB ROM = 5000mAh BATTERY,VGOTEL,32999,5,41,https://www.daraz.pk/products/23-8-8-16gb-256gb-5000mah-i438405502-s2132478338.html?search=1,"{'UID': 13, 'Review_ID': 1, 'Name': 'Nasir', 'Rating': 5, 'Text': ""Original Product, Packing for logistics was excellent. Delivered on first promised day( took 4 days to deliver a standard time. price slight higher than company declared price and market price but it's ok in case of 0%installments""}","{'UID': 13, 'Review_ID': 2, 'Name': '3***1', 'Rating': 5, 'Text': 'Thanks to the seller for the phone the same as I ordered, the same color keeps your trust to people but guarantee card is Missing I ordered one more same mobile with an other number'}","{'UID': 13, 'Review_ID': 3, 'Name': 'Atif S.', 'Rating': 5, 'Text': 'received my package today good looking mobile in this price tag.'}",25,No Brand,438405502_PK-2132478338,Corning Gorilla Glass 1,2020,2,
25,26,OPPO A17 4GB + 64GB 5000mAh Battery,OPPO,36999,4.7,87,https://www.daraz.pk/products/oppo-a17-4gb-64gb-5000mah-battery-i422151695-s1997383387.html?search=1,"{'UID': 13, 'Review_ID': 4, 'Name': 'Nasir', 'Rating': 5, 'Text': ""Original Product, Packing for logistics was excellent. Delivered on first promised day( took 4 days to deliver a standard time. price slight higher than company declared price and market price but it's ok in case of 0%installments""}","{'UID': 13, 'Review_ID': 5, 'Name': '3***1', 'Rating': 5, 'Text': 'Thanks to the seller for the phone the same as I ordered, the same color keeps your trust to people but guarantee card is Missing I ordered one more same mobile with an other number'}","{'UID': 13, 'Review_ID': 6, 'Name': 'Atif S.', 'Rating': 5, 'Text': 'received my package today good looking mobile in this price tag.'}",26,OPPO,422151695_PK-1997383387,Corning Gorilla Glass 4,Not Specified,3,
26,27,"Oppo A57 2022 - 6.5"" HD Display - 4GB RAM - 64GB ROM - Dual Sim - PTA Approved - Phone And Box Only (Charger, Accessories Not Included - Mix Color)",Oppo,26999,4.5,79,https://www.daraz.pk/products/oppo-a57-2022-65-hd-display-4gb-ram-64gb-rom-dual-sim-pta-approved-phone-and-box-only-charger-accessories-not-included-mix-color-i436693448-s2098342045.html?search=1,"{'UID': 14, 'Review_ID': 1, 'Name': 'Muhammad K.', 'Rating': 5, 'Text': 'It was an absolutely amazing experience. ordered on the 17th-October night and got it around 01-pm afternoon on 18th-October in less than 12 hours. As far as the product is concerned, Samsung is always a great experience as I have been a user of it since the beginning of the Android era back in 2010. Thanks, Daraz and seller, for extreme level service. Daraz is a highly recommended e-commerce platform of Pakistan from 2016 to till date, never disappointed me with services.'}","{'UID': 14, 'Review_ID': 2, 'Name': 'Umar', 'Rating': 5, 'Text': 'Perfect packing timely delivery original product 100% Authentic excellent experience Highly recommended for those who afraid to buy costly items online . thanx seller n Daraz.'}","{'UID': 14, 'Review_ID': 3, 'Name': 'khan K.', 'Rating': 5, 'Text': 'Excellent ğŸ‘Œ'}",27,No Brand,436693448_PK-2098342045,Corning Gorilla Glass 5,2020,3,
27,28,Original Vivo Y85 with Box & Charger - Dual Sim Approved - Vivo Y85a - 4GB RAM Mobile - Snapdragon Mobile,Original,15999,3,36,https://www.daraz.pk/products/original-vivo-y85-with-box-charger-dual-sim-approved-vivo-y85a-4gb-ram-mobile-snapdragon-mobile-i436809943-s2101413702.html?search=1,"{'UID': 14, 'Review_ID': 4, 'Name': 'Muhammad K.', 'Rating': 5, 'Text': 'It was an absolutely amazing experience. ordered on the 17th-October night and got it around 01-pm afternoon on 18th-October in less than 12 hours. As far as the product is concerned, Samsung is always a great experience as I have been a user of it since the beginning of the Android era back in 2010. Thanks, Daraz and seller, for extreme level service. Daraz is a highly recommended e-commerce platform of Pakistan from 2016 to till date, never disappointed me with services.'}","{'UID': 14, 'Review_ID': 5, 'Name': 'Umar', 'Rating': 5, 'Text': 'Perfect packing timely delivery original product 100% Authentic excellent experience Highly recommended for those who afraid to buy costly items online . thanx seller n Daraz.'}","{'UID': 14, 'Review_ID': 6, 'Name': 'khan K.', 'Rating': 5, 'Text': 'Excellent ğŸ‘Œ'}",28,No Brand,436809943_PK-2101413702,Corning Gorilla Glass 3,2018,3,
28,29,Samsung Galaxy A54 8GB+256GB,Samsung,128999,4.6,36,https://www.daraz.pk/products/samsung-galaxy-a54-8gb256gb-i432674368-s2125093041.html?search=1,"{'UID': 15, 'Review_ID': 1, 'Name': 'Abdul S.', 'Rating': 5, 'Text': '1 . Look & Design: Phone is awesome in look very beautiful design. Feels like premium flagship 2. Performance : Satisfactory 3. Battery : Awesome 4. Front Camera Average 5. Back Camera : Good but not excellent 6. Over all : Value for money. Recommended this item.'}","{'UID': 15, 'Review_ID': 2, 'Name': '3***8', 'Rating': 5, 'Text': 'Ø¨ÛØª ÛÛŒ Ø§Ú†Ú¾Ø§ Ù…ÙˆØ¨Ø§Ø¦Ù„ ÛÛ’ Ø§ÙˆØ± Ø¨ÛØª Ù¾ÛŒØ§Ø±ÛŒ Ù¾ÛŒÚ©Ù†Ú¯ ÛÛ’ Ø¨ÛŒØ³Ù¹ Ú©ÙˆØ§Ù„Ù¹ÛŒ Ú©Ø§ Ù…ÙˆØ¨Ø§Ø¦Ù„ ÛÛ’ Ø§ÙˆØ± Ø¨ÛØª ÛÛŒ Ú©Ø§Ù… Ù‚ÛŒÙ…Øª Ù…ÛŒÚº'}","{'UID': 15, 'Review_ID': 3, 'Name': 'M J.', 'Rating': 5, 'Text': 'I like the product its non active device and nicely company packed. I Always order from your store. ğŸ‘ thanks i received samecolor as i want'}",29,Samsung,432674368_PK-2125093041,Not Specified,Not Specified,Not Specified,
29,30,Samsung Galaxy A14 4GB+128GB,Samsung,51999,4.7,36,https://www.daraz.pk/products/samsung-galaxy-a14-4gb128gb-i422211748-s1998041160.html?search=1,"{'UID': 15, 'Review_ID': 4, 'Name': 'Abdul S.', 'Rating': 5, 'Text': '1 . Look & Design: Phone is awesome in look very beautiful design. Feels like premium flagship 2. Performance : Satisfactory 3. Battery : Awesome 4. Front Camera Average 5. Back Camera : Good but not excellent 6. Over all : Value for money. Recommended this item.'}","{'UID': 15, 'Review_ID': 5, 'Name': '3***8', 'Rating': 5, 'Text': 'Ø¨ÛØª ÛÛŒ Ø§Ú†Ú¾Ø§ Ù…ÙˆØ¨Ø§Ø¦Ù„ ÛÛ’ Ø§ÙˆØ± Ø¨ÛØª Ù¾ÛŒØ§Ø±ÛŒ Ù¾ÛŒÚ©Ù†Ú¯ ÛÛ’ Ø¨ÛŒØ³Ù¹ Ú©ÙˆØ§Ù„Ù¹ÛŒ Ú©Ø§ Ù…ÙˆØ¨Ø§Ø¦Ù„ ÛÛ’ Ø§ÙˆØ± Ø¨ÛØª ÛÛŒ Ú©Ø§Ù… Ù‚ÛŒÙ…Øª Ù…ÛŒÚº'}","{'UID': 15, 'Review_ID': 6, 'Name': 'M J.', 'Rating': 5, 'Text': 'I like the product its non active device and nicely company packed. I Always order from your store. ğŸ‘ thanks i received samecolor as i want'}",30,Samsung,422211748_PK-1998041160,Not Specified,Not Specified,Not Specified,
30,31,Sparx Neo X || 4GB RAM 64GB ROM || 50MP +2MP Camera || 5000mAh Battery || PTA Approved || 1 Year Brand Warranty,Sparx,25999,4.7,70,https://www.daraz.pk/products/sparx-neo-x-4gb-ram-64gb-rom-50mp-2mp-camera-5000mah-battery-pta-approved-1-year-brand-warranty-i429329343-s2045915202.html?search=1,"{'UID': 16, 'Review_ID': 1, 'Name': 'Syyeda Q.', 'Rating': 5, 'Text': 'Zabrdast mobile hy. Original packing k sath. Markeet me final 39000 ka mil raha tha. Daraz se 36500 ka mila hy. Thnkew daraz'}","{'UID': 16, 'Review_ID': 2, 'Name': 'zahid I.', 'Rating': 5, 'Text': 'Thanks Daraz. Original device in a low price and deliver safely on time. Keep it up'}","{'UID': 16, 'Review_ID': 3, 'Name': 'Saima A.', 'Rating': 5, 'Text': 'best mobile good and save and fast delivery on time.. thank you selar thank you daraz'}",31,No Brand,429329343_PK-2045915202,Not Specified,Not Specified,3,Change Of Mind Is Not Applicable
31,32,VGOTEL Note 23 || 8GB+8GB RAM 256GB ROM || 5000mAh Battery,VGOTEL,32999,0,70,https://www.daraz.pk/products/23-8gb-8gb-256gb-5000mah-i438924368-s2124853901.html?search=1,"{'UID': 16, 'Review_ID': 4, 'Name': 'Syyeda Q.', 'Rating': 5, 'Text': 'Zabrdast mobile hy. Original packing k sath. Markeet me final 39000 ka mil raha tha. Daraz se 36500 ka mila hy. Thnkew daraz'}","{'UID': 16, 'Review_ID': 5, 'Name': 'zahid I.', 'Rating': 5, 'Text': 'Thanks Daraz. Original device in a low price and deliver safely on time. Keep it up'}","{'UID': 16, 'Review_ID': 6, 'Name': 'Saima A.', 'Rating': 5, 'Text': 'best mobile good and save and fast delivery on time.. thank you selar thank you daraz'}",32,No Brand,438924368_PK-2124853901,Corning Gorilla Glass 2,2020,2,
32,33,Vgotel New 12 - 2GB RAM 64GB ROM - 6.52 Inches Display - 5000mAh Battery,Vgotel,16999,5,26,https://www.daraz.pk/products/12-2gb-64gb-652-5000mah-i425521808-s2015916868.html?search=1,"{'UID': 17, 'Review_ID': 1, 'Name': 'Abdul G.', 'Rating': 4, 'Text': 'Assalam u Alaikum Received before due date original product,packing was a little poor , but seller is coprative.It was my first purchase on installment happy to get it on 0% Mark up'}","{'UID': 17, 'Review_ID': 2, 'Name': 'S***n', 'Rating': 5, 'Text': 'The seller was very cooperative and delivered the phone in just 3 days upon my request. The phone is just perfect and everything what I was looking for.'}","{'UID': 17, 'Review_ID': 3, 'Name': '*******686', 'Rating': 5, 'Text': 'Same as described.. Amazing Packing and received just in 2 days.. Highly recommend'}",33,No Brand,425521808_PK-2015916868,Not Specified,Not Specified,3,
33,34,Redmi 12C || 4GB Ram 128GB Rom || 6.71 Inches IPS Display || 5000 mAh - Battery charging 10W wired,Redmi,28999,4.9,26,https://www.daraz.pk/products/12c-4gb-1-000-gb-10w-i426364045-s2024317570.html?search=1,"{'UID': 17, 'Review_ID': 4, 'Name': 'Abdul G.', 'Rating': 4, 'Text': 'Assalam u Alaikum Received before due date original product,packing was a little poor , but seller is coprative.It was my first purchase on installment happy to get it on 0% Mark up'}","{'UID': 17, 'Review_ID': 5, 'Name': 'S***n', 'Rating': 5, 'Text': 'The seller was very cooperative and delivered the phone in just 3 days upon my request. The phone is just perfect and everything what I was looking for.'}","{'UID': 17, 'Review_ID': 6, 'Name': '*******686', 'Rating': 5, 'Text': 'Same as described.. Amazing Packing and received just in 2 days.. Highly recommend'}",34,No Brand,426364045_PK-2024317570,Corning Gorilla Glass 1,2020,2,
34,35,"Oppo A57 - 5.2"" HD Display - 4GB RAM - 64GB ROM - Dual Sim - PTA Approved - Phone And Box Only (Charger, Accessories Not Included - Mix Color)",Oppo,13999,3.3,54,https://www.daraz.pk/products/oppo-a57-52-hd-display-4gb-ram-64gb-rom-dual-sim-pta-approved-phone-and-box-only-charger-accessories-not-included-mix-color-i436688385-s2098284266.html?search=1,"{'UID': 18, 'Review_ID': 1, 'Name': 'Shahid B.', 'Rating': 5, 'Text': 'mobile bahot acha hai. 8 gb ram h aor rom 128 gb hain. software normal lag ra h. camera theek h. overall ais price m zabardast chiz h. saller bahot acha bnda h. main nay usy msg kr kr bht tang kya ğŸ˜‚ lkn saller nay mjhy hr bar reply di. thank you Daraz and thank you saller'}","{'UID': 18, 'Review_ID': 2, 'Name': 'Ahmad N.', 'Rating': 5, 'Text': 'It is the best product and the original as I have advertised, I have got no two opinions, you also order you will like daraz and service is also good and the thing is also cute and has come with absolutely good Awesome products and original Spark phone with box and charger and warranty crad thank you daraz'}","{'UID': 18, 'Review_ID': 3, 'Name': '3***8', 'Rating': 5, 'Text': 'slam or thanks daraz bhot hi service ha 1din phly hi parsl rcve ho gay ha save packing Kay shat bhot hi ache device ha 2din use kry KY bad bhe koi isu ni Aya again thanks daraz'}",35,No Brand,436688385_PK-2098284266,Not Specified,2016,2,
35,36,Samsung Galaxy A04s 4GB - 128GB OFFICIAL PTA APPROVED OFFICIAL WARRANTY,Samsung,39999,4.7,31,https://www.daraz.pk/products/samsung-galaxy-a04s-4gb-128gb-official-pta-approved-official-warranty-i429492323-s2045838409.html?search=1,"{'UID': 18, 'Review_ID': 4, 'Name': 'Shahid B.', 'Rating': 5, 'Text': 'mobile bahot acha hai. 8 gb ram h aor rom 128 gb hain. software normal lag ra h. camera theek h. overall ais price m zabardast chiz h. saller bahot acha bnda h. main nay usy msg kr kr bht tang kya ğŸ˜‚ lkn saller nay mjhy hr bar reply di. thank you Daraz and thank you saller'}","{'UID': 18, 'Review_ID': 5, 'Name': 'Ahmad N.', 'Rating': 5, 'Text': 'It is the best product and the original as I have advertised, I have got no two opinions, you also order you will like daraz and service is also good and the thing is also cute and has come with absolutely good Awesome products and original Spark phone with box and charger and warranty crad thank you daraz'}","{'UID': 18, 'Review_ID': 6, 'Name': '3***8', 'Rating': 5, 'Text': 'slam or thanks daraz bhot hi service ha 1din phly hi parsl rcve ho gay ha save packing Kay shat bhot hi ache device ha 2din use kry KY bad bhe koi isu ni Aya again thanks daraz'}",36,No Brand,429492323_PK-2045838409,Not Specified,Not Specified,4,
36,37,"Xiaomi Note 12 , 8GB RAM 128GB ROM , 50MP Main Camera , Finger Sensor , 5000mAh Fast Chargiing",Xiaomi,49999,5,7,https://www.daraz.pk/products/12-8gb-128gb-50mp-5000mah-i429660348-s2045859828.html?search=1,"{'UID': 19, 'Review_ID': 1, 'Name': 'Muneeb R.', 'Rating': 5, 'Text': 'UNBEATABLE PRICE BY SELLER VERY CO OPERATIVE SELLER BUT VERY LATE ANSWERING . OVERALL 10/10 THANK YOU TO DARAZ PLATFORM'}","{'UID': 19, 'Review_ID': 2, 'Name': 'Aziz U.', 'Rating': 5, 'Text': 'Product is original and as per details given. Delivered well before the committed time. Good presentable packaging, delivery is safe and sound.recommended the saller.'}","{'UID': 19, 'Review_ID': 3, 'Name': 'M. N.', 'Rating': 5, 'Text': 'this phone is awesome in this price. specs are absolutely fantastic as compared to market. price is very reasonable and I got extra discount from my bank card so I can say I got this phone cheaper than market. very lightweight and speed is very good I am happy to buy this. #11.11'}",37,No Brand,429660348_PK-2045859828,Corning Gorilla Glass 3,Not Specified,4,One Year Brand Warranty
37,38,"Sparx S7 2GB Ram 32GB Rom Tripple Camera 4000mAh Battery 5.45"" Display with One year brand warranty and PTA Approved",Sparx,14999,3.6,32,https://www.daraz.pk/products/sparx-s7-2gb-ram-32gb-rom-tripple-camera-4000mah-battery-545-display-with-one-year-brand-warranty-and-pta-approved-i434688222-s2089434696.html?search=1,"{'UID': 19, 'Review_ID': 4, 'Name': 'Muneeb R.', 'Rating': 5, 'Text': 'UNBEATABLE PRICE BY SELLER VERY CO OPERATIVE SELLER BUT VERY LATE ANSWERING . OVERALL 10/10 THANK YOU TO DARAZ PLATFORM'}","{'UID': 19, 'Review_ID': 5, 'Name': 'Aziz U.', 'Rating': 5, 'Text': 'Product is original and as per details given. Delivered well before the committed time. Good presentable packaging, delivery is safe and sound.recommended the saller.'}","{'UID': 19, 'Review_ID': 6, 'Name': 'M. N.', 'Rating': 5, 'Text': 'this phone is awesome in this price. specs are absolutely fantastic as compared to market. price is very reasonable and I got extra discount from my bank card so I can say I got this phone cheaper than market. very lightweight and speed is very good I am happy to buy this. #11.11'}",38,No Brand,434688222_PK-2089434696,Not Specified,Not Specified,Not Specified,
38,39,"Redmi Note 12 8GB Ram 128GB Rom, Display Size 6.67 Inches, Battery Capacity 5000 mAh , Fast charging 33W",Redmi,49999,4.8,32,https://www.daraz.pk/products/12-8gb-128gb-667-5000-mah-33w-i432482913-s2064737683.html?search=1,"{'UID': 20, 'Review_ID': 1, 'Name': 'Muhammad A.', 'Rating': 5, 'Text': 'Excellent product, genuine and original product, PTA approved. No Patched mobile. Seller sounds a very professional and committed in such deals. strongly recommended and feel free to buy this product. Thank you Daraz and Grateful to you Dear Seller...'}","{'UID': 20, 'Review_ID': 2, 'Name': 'Asif M.', 'Rating': 5, 'Text': '#11.11 received as per specs mentioned. highly recommended.'}","{'UID': 20, 'Review_ID': 3, 'Name': 'Shaan U.', 'Rating': 5, 'Text': 'Box was sealed and came with all accessories. The seller is recommended for geniune product.'}",39,No Brand,432482913_PK-2064737683,Corning Gorilla Glass 3,Not Specified,3,
39,40,"Redmi A2 Plus , 3GB RAM 64GB ROM , 8MP Main Camera , Fingerprint , 5000mAh Fast Charging",Redmi,19999,4.5,32,https://www.daraz.pk/products/a2-3gb-64gb-8mp-5000mah-i431415621-s2075020731.html?search=1,"{'UID': 20, 'Review_ID': 4, 'Name': 'Muhammad A.', 'Rating': 5, 'Text': 'Excellent product, genuine and original product, PTA approved. No Patched mobile. Seller sounds a very professional and committed in such deals. strongly recommended and feel free to buy this product. Thank you Daraz and Grateful to you Dear Seller...'}","{'UID': 20, 'Review_ID': 5, 'Name': 'Asif M.', 'Rating': 5, 'Text': '#11.11 received as per specs mentioned. highly recommended.'}","{'UID': 20, 'Review_ID': 6, 'Name': 'Shaan U.', 'Rating': 5, 'Text': 'Box was sealed and came with all accessories. The seller is recommended for geniune product.'}",40,No Brand,431415621_PK-2075020731,Not Specified,Not Specified,3,One Year Brand Warranty
40,41,Samsung A14 4GB/64GB - 5000 mAh Battery - 6.6' Display - Android 13,Samsung,34999,4.4,337,https://www.daraz.pk/products/samsung-a14-4gb64gb-5000-mah-battery-66-display-android-13-i436839264-s2101404094.html?search=1,"{'UID': 21, 'Review_ID': 1, 'Name': 'Raz M.', 'Rating': 5, 'Text': 'Mashallah 11.11 Sale Received safe packed PTA approved Dilivered in time response excellent Great Quality Satisfied original item received thanks seller and Daraz ğŸ‘ğŸ‘ğŸ˜ğŸ˜Š'}","{'UID': 21, 'Review_ID': 2, 'Name': 'Muhammad Y.', 'Rating': 5, 'Text': 'Quality is good. Original product. Non activated'}","{'UID': 21, 'Review_ID': 3, 'Name': 'AC R.', 'Rating': 5, 'Text': '# 11.11 brand new. pin packed. good quality. got in 20000/- only. made in Pakistan. Seller Recommended.'}",41,No Brand,436839264_PK-2101404094,Not Specified,2020,Not Specified,
41,42,Redmi Note 12 8 GB RAM + 128GB ROM PTA Approved Mobile Phone with 1 Year Brand Warranty,Redmi,49999,4.7,337,https://www.daraz.pk/products/redmi-note-12-8-gb-ram-128gb-rom-pta-approved-mobile-phone-with-1-year-brand-warranty-i429185340-s2040915791.html?search=1,"{'UID': 21, 'Review_ID': 4, 'Name': 'Raz M.', 'Rating': 5, 'Text': 'Mashallah 11.11 Sale Received safe packed PTA approved Dilivered in time response excellent Great Quality Satisfied original item received thanks seller and Daraz ğŸ‘ğŸ‘ğŸ˜ğŸ˜Š'}","{'UID': 21, 'Review_ID': 5, 'Name': 'Muhammad Y.', 'Rating': 5, 'Text': 'Quality is good. Original product. Non activated'}","{'UID': 21, 'Review_ID': 6, 'Name': 'AC R.', 'Rating': 5, 'Text': '# 11.11 brand new. pin packed. good quality. got in 20000/- only. made in Pakistan. Seller Recommended.'}",42,Xiaomi,429185340_PK-2040915791,Not Specified,Not Specified,Not Specified,
42,43,Infinix Note 30 Pro 8-256 GB PTA Approved With Official 1 Year Warranty,Infinix,64499,4.7,337,https://www.daraz.pk/products/infinix-note-30-pro-8-256-gb-pta-approved-with-official-1-year-warranty-i436821010-s2101334479.html?search=1,,,,43,No Brand,436821010_PK-2101334479,Not Specified,Not Specified,Not Specified,
43,44,Redmi A2+ - 3GB/64GB - Mediatek Helio G36 - Android 12- 5000 mAh Battery,Redmi,19399,4.7,337,https://www.daraz.pk/products/redmi-a2-3gb64gb-mediatek-helio-g36-android-12-5000-mah-battery-i430451931-s2051820850.html?search=1,,,,44,Xiaomi,430451931_PK-2051820850,Not Specified,Not Specified,2,
44,,,,,,,,"{'UID': 23, 'Review_ID': 1, 'Name': 'Meerullah', 'Rating': 5, 'Text': 'Great phone and in same condition box packed sealed. Orrigional accessories. Everything is great but delivery was not good by leopard. They tell that delivery is not in that area.'}","{'UID': 23, 'Review_ID': 2, 'Name': 'Abdul G.', 'Rating': 5, 'Text': 'Mashallah phone Tu great ha budget friendly value for money packing company packing mei tha seal pack sound system JBL company Ka ha sound la Jawab ha 10/10 for seller and for phone 10/8'}","{'UID': 23, 'Review_ID': 3, 'Name': 'rizwan R.', 'Rating': 5, 'Text': 'Ù…ÙˆØ¨Ø§Ø¦Ù„ Ø²Ø¨Ø±Ø¯Ø³Øª ÛÛ’ Ø§ÙˆØ± Ø¨ÛØª ÛÛŒ Ù…Ù†Ø§Ø³Ø¨ Ù‚ÛŒÙ…Øª Ù…ÛŒÚº Ù…Ù„Ø§ ÛÛ’ Û” 8 Ø¬ÛŒ Ø¨ÛŒ 256 Ø¬ÛŒ Ø¨ÛŒ Ù…ÛŒÚº ÛŒÛ Ø¨ÛŒØ³Ù¹ Ø¢Ù¾Ø´Ù† ÛÛ’ Û” Ø§ÙˆØ± Ø³ÛŒÙ„Ø± Ø¨Ú¾Ø§Ø¦ÛŒ Ù†Û’ Ø¨ÛØª ÛÛŒ ØªØ¹Ø§ÙˆÙ† Ú©ÛŒØ§ Û” ÛØ± Ú†ÛŒØ² Ø¨ÛØª Ø¨ÛØªØ±ÛŒÙ† Ø·Ø±ÛŒÙ‚Û’ Ø³Û’ ÙˆØ§Ø¶Ø­ Ú©ÛŒÛ” Ø¨Ø§Ù‚Ø§Ø¹Ø¯Û Ø¢Ù† Ù„Ø§Ø¦Ù† ÙˆØ§Ø±Ù†Ù¹ÛŒ Ø¨Ú¾ÛŒ Ú†ÛŒÚ© Ú©Ø±ÙˆØ§Ø¦ÛŒ Ú¯Ø¦ÛŒÛ” Ø¬Ùˆ Ø¯ÙˆØ³Øª Ø¨Ú¾ÛŒ Ù„ÛŒÙ†Ø§ Ú†Ø§ÛØ¦ÛŒÚº Ø¶Ø±ÙˆØ± Ù„ÛŒÚº Ø§Ù†Ø´Ø§Ø¡ Ø§Ù„Ù„Û Ù†Ø§ Ø§Ù…ÛŒØ¯ Ù†ÛÛŒÚº ÛÙˆÚº Ú¯Û’ Ø§ÙˆØ± Ø§Ù†Ø´Ø§Ø¡ Ø§Ù„Ù„Û Ø§Ú†Ú¾ÛŒ Ú†ÛŒØ² Ù…Ù„Û’ Ú¯ÛŒÛ” Ø¢Ø±ÚˆØ± Ú©Ø±Ù†Û’ Ú©Û’ ØªÛŒØ³Ø±Û’ Ø¯Ù† Ù…ÙˆØ¨Ø§Ø¦Ù„ Ú¯Ú¾Ø± Ù¾ÛÙ†Ú† Ú¯ÛŒØ§ Ù…Ø§Ø´Ø§Ø¡Ø§Ù„Ù„Û Ø¨ÛØª ÛÛŒ Ø¹Ù…Ø¯Û Ø³Ø±ÙˆØ³ Û” Ø§Ù„Ù„Û Ø³Ø¨Ø­Ø§Ù†Û ÙˆØªØ¹Ø§Ù„ÛŒ Ø¬Ø²Ø§Ø¦Û’ Ø®ÛŒØ± Ø¹Ø·Ø§ ÙØ±Ù…Ø§Ø¦ÛŒÚº Ø¢Ù…ÛŒÙ†'}",,,,,,,
45,,,,,,,,"{'UID': 23, 'Review_ID': 4, 'Name': 'Meerullah', 'Rating': 5, 'Text': 'Great phone and in same condition box packed sealed. Orrigional accessories. Everything is great but delivery was not good by leopard. They tell that delivery is not in that area.'}","{'UID': 23, 'Review_ID': 5, 'Name': 'Abdul G.', 'Rating': 5, 'Text': 'Mashallah phone Tu great ha budget friendly value for money packing company packing mei tha seal pack sound system JBL company Ka ha sound la Jawab ha 10/10 for seller and for phone 10/8'}","{'UID': 23, 'Review_ID': 6, 'Name': 'rizwan R.', 'Rating': 5, 'Text': 'Ù…ÙˆØ¨Ø§Ø¦Ù„ Ø²Ø¨Ø±Ø¯Ø³Øª ÛÛ’ Ø§ÙˆØ± Ø¨ÛØª ÛÛŒ Ù…Ù†Ø§Ø³Ø¨ Ù‚ÛŒÙ…Øª Ù…ÛŒÚº Ù…Ù„Ø§ ÛÛ’ Û” 8 Ø¬ÛŒ Ø¨ÛŒ 256 Ø¬ÛŒ Ø¨ÛŒ Ù…ÛŒÚº ÛŒÛ Ø¨ÛŒØ³Ù¹ Ø¢Ù¾Ø´Ù† ÛÛ’ Û” Ø§ÙˆØ± Ø³ÛŒÙ„Ø± Ø¨Ú¾Ø§Ø¦ÛŒ Ù†Û’ Ø¨ÛØª ÛÛŒ ØªØ¹Ø§ÙˆÙ† Ú©ÛŒØ§ Û” ÛØ± Ú†ÛŒØ² Ø¨ÛØª Ø¨ÛØªØ±ÛŒÙ† Ø·Ø±ÛŒÙ‚Û’ Ø³Û’ ÙˆØ§Ø¶Ø­ Ú©ÛŒÛ” Ø¨Ø§Ù‚Ø§Ø¹Ø¯Û Ø¢Ù† Ù„Ø§Ø¦Ù† ÙˆØ§Ø±Ù†Ù¹ÛŒ Ø¨Ú¾ÛŒ Ú†ÛŒÚ© Ú©Ø±ÙˆØ§Ø¦ÛŒ Ú¯Ø¦ÛŒÛ” Ø¬Ùˆ Ø¯ÙˆØ³Øª Ø¨Ú¾ÛŒ Ù„ÛŒÙ†Ø§ Ú†Ø§ÛØ¦ÛŒÚº Ø¶Ø±ÙˆØ± Ù„ÛŒÚº Ø§Ù†Ø´Ø§Ø¡ Ø§Ù„Ù„Û Ù†Ø§ Ø§Ù…ÛŒØ¯ Ù†ÛÛŒÚº ÛÙˆÚº Ú¯Û’ Ø§ÙˆØ± Ø§Ù†Ø´Ø§Ø¡ Ø§Ù„Ù„Û Ø§Ú†Ú¾ÛŒ Ú†ÛŒØ² Ù…Ù„Û’ Ú¯ÛŒÛ” Ø¢Ø±ÚˆØ± Ú©Ø±Ù†Û’ Ú©Û’ ØªÛŒØ³Ø±Û’ Ø¯Ù† Ù…ÙˆØ¨Ø§Ø¦Ù„ Ú¯Ú¾Ø± Ù¾ÛÙ†Ú† Ú¯ÛŒØ§ Ù…Ø§Ø´Ø§Ø¡Ø§Ù„Ù„Û Ø¨ÛØª ÛÛŒ Ø¹Ù…Ø¯Û Ø³Ø±ÙˆØ³ Û” Ø§Ù„Ù„Û Ø³Ø¨Ø­Ø§Ù†Û ÙˆØªØ¹Ø§Ù„ÛŒ Ø¬Ø²Ø§Ø¦Û’ Ø®ÛŒØ± Ø¹Ø·Ø§ ÙØ±Ù…Ø§Ø¦ÛŒÚº Ø¢Ù…ÛŒÙ†'}",,,,,,,
46,,,,,,,,"{'UID': 24, 'Review_ID': 1, 'Name': 'Muhammad U.', 'Rating': 5, 'Text': 'Amazing phone within the discounted price of #11.11 I would recommend everyone if you are looking to get the basics done alright and donâ€™t want to spend too much this is the right choice. Quality is not cheap like other phones in this budget. However I do have one complaint as the phone down have a case in the box and no warranty card. #11.11'}","{'UID': 24, 'Review_ID': 2, 'Name': 'bilal K.', 'Rating': 5, 'Text': 'i am using this mobile for 5 days now. best mobile for basic tasks like whatsapp call youtube etc. i received it on 11.11 sale at price 15k which is too good deal. everyone appriciate its look. working smooth and battery timing is too good. ğŸ‘'}","{'UID': 24, 'Review_ID': 3, 'Name': 'Muhammad U.', 'Rating': 5, 'Text': 'Received Brand new box packed mobile. Quality Seems to be good. Performance is also fine. Excellent product, Original and value for Money.'}",,,,,,,
47,,,,,,,,"{'UID': 24, 'Review_ID': 4, 'Name': 'Muhammad U.', 'Rating': 5, 'Text': 'Amazing phone within the discounted price of #11.11 I would recommend everyone if you are looking to get the basics done alright and donâ€™t want to spend too much this is the right choice. Quality is not cheap like other phones in this budget. However I do have one complaint as the phone down have a case in the box and no warranty card. #11.11'}","{'UID': 24, 'Review_ID': 5, 'Name': 'bilal K.', 'Rating': 5, 'Text': 'i am using this mobile for 5 days now. best mobile for basic tasks like whatsapp call youtube etc. i received it on 11.11 sale at price 15k which is too good deal. everyone appriciate its look. working smooth and battery timing is too good. ğŸ‘'}","{'UID': 24, 'Review_ID': 6, 'Name': 'Muhammad U.', 'Rating': 5, 'Text': 'Received Brand new box packed mobile. Quality Seems to be good. Performance is also fine. Excellent product, Original and value for Money.'}",,,,,,,
48,,,,,,,,"{'UID': 25, 'Review_ID': 1, 'Name': 'mateen', 'Rating': 5, 'Text': 'I ordered vgotel note23, came with charger and hand free nice mobile overall good experience but price is a bit different than market.'}",,,,,,,,,
49,,,,,,,,"{'UID': 25, 'Review_ID': 2, 'Name': 'mateen', 'Rating': 5, 'Text': 'I ordered vgotel note23, came with charger and hand free nice mobile overall good experience but price is a bit different than market.'}",,,,,,,,,
50,,,,,,,,"{'UID': 26, 'Review_ID': 1, 'Name': 'inam U.', 'Rating': 5, 'Text': 'Thanx a lot OPPO Mobile Pakistan for quality product which i ordered & Daraz for in time delivery.'}","{'UID': 26, 'Review_ID': 2, 'Name': 'Saima N.', 'Rating': 5, 'Text': 'I recently received my parcel from the official Oppo store, and while the phone itself is excellent and original, I was disappointed with the packaging. The box arrived damaged, and there were no bubble wrap or proper protection inside. However, I must commend the seller for their polite and reasonable behavior throughout the process. I hope they improve their packaging to ensure better protection for future shipments. #OnlineShopping #OppoStore #CustomerExperience'}","{'UID': 26, 'Review_ID': 3, 'Name': '3***2', 'Rating': 5, 'Text': 'Good Service.. Mobile recieved on time ğŸ‘'}",,,,,,,
51,,,,,,,,"{'UID': 26, 'Review_ID': 4, 'Name': 'inam U.', 'Rating': 5, 'Text': 'Thanx a lot OPPO Mobile Pakistan for quality product which i ordered & Daraz for in time delivery.'}","{'UID': 26, 'Review_ID': 5, 'Name': 'Saima N.', 'Rating': 5, 'Text': 'I recently received my parcel from the official Oppo store, and while the phone itself is excellent and original, I was disappointed with the packaging. The box arrived damaged, and there were no bubble wrap or proper protection inside. However, I must commend the seller for their polite and reasonable behavior throughout the process. I hope they improve their packaging to ensure better protection for future shipments. #OnlineShopping #OppoStore #CustomerExperience'}","{'UID': 26, 'Review_ID': 6, 'Name': '3***2', 'Rating': 5, 'Text': 'Good Service.. Mobile recieved on time ğŸ‘'}",,,,,,,
52,,,,,,,,"{'UID': 27, 'Review_ID': 1, 'Name': 'Qasim I.', 'Rating': 4, 'Text': 'its PTA approved device..'}","{'UID': 27, 'Review_ID': 2, 'Name': 'Raheel A.', 'Rating': 5, 'Text': 'Very Nice Mobile Thanks'}",,,,,,,,
53,,,,,,,,"{'UID': 27, 'Review_ID': 3, 'Name': 'Qasim I.', 'Rating': 4, 'Text': 'its PTA approved device..'}","{'UID': 27, 'Review_ID': 4, 'Name': 'Raheel A.', 'Rating': 5, 'Text': 'Very Nice Mobile Thanks'}",,,,,,,,
54,,,,,,,,"{'UID': 28, 'Review_ID': 1, 'Name': 'Ali H.', 'Rating': 5, 'Text': 'Mobile phone kamal ka. tha bilkul ok piece tha.'}","{'UID': 28, 'Review_ID': 2, 'Name': 'farhat B.', 'Rating': 3, 'Text': 'Baki Mobil tu thk ha but battery timing thori fast ha baki best ha thanks draz seller'}","{'UID': 28, 'Review_ID': 3, 'Name': 'Hamza K.', 'Rating': 5, 'Text': 'bhot hi acha ha atna price ma acha hi atya ha'}",,,,,,,
55,,,,,,,,"{'UID': 28, 'Review_ID': 4, 'Name': 'Ali H.', 'Rating': 5, 'Text': 'Mobile phone kamal ka. tha bilkul ok piece tha.'}","{'UID': 28, 'Review_ID': 5, 'Name': 'farhat B.', 'Rating': 3, 'Text': 'Baki Mobil tu thk ha but battery timing thori fast ha baki best ha thanks draz seller'}","{'UID': 28, 'Review_ID': 6, 'Name': 'Hamza K.', 'Rating': 5, 'Text': 'bhot hi acha ha atna price ma acha hi atya ha'}",,,,,,,
56,,,,,,,,"{'UID': 29, 'Review_ID': 1, 'Name': 'M***.', 'Rating': 5, 'Text': 'Recommended seller ğŸ’¯ fast shipping, pin packed.This phone has been warranty active 6 weeks ago on manufacture date by Samsung. Phone is original and has not been repacked. The warranty is 24 months and will expire september 2025.So hurry up before your favorite color is sold out.'}","{'UID': 29, 'Review_ID': 2, 'Name': '3***2', 'Rating': 3, 'Text': ""In description section it says: What's in the box = 1 Phone , 1 Charger. But there is no Charger in the box. I know Samsung latest phone don't have chargers anymore, But then, why did your write it Like that. Moreover, the description/Specification Style of this phone in the daraz store was the worst thing I have ever seen. Kindly hire someone good. Other then of that, Original Seller(Samsung Flagship Store) is Selling Original/Sealed mobile phones. Good Delivery Service. So overall 3 Star""}","{'UID': 29, 'Review_ID': 3, 'Name': 'faizan R.', 'Rating': 5, 'Text': '#RWC2. Genuine product with quick delivery.'}",,,,,,,
57,,,,,,,,"{'UID': 29, 'Review_ID': 4, 'Name': 'M***.', 'Rating': 5, 'Text': 'Recommended seller ğŸ’¯ fast shipping, pin packed.This phone has been warranty active 6 weeks ago on manufacture date by Samsung. Phone is original and has not been repacked. The warranty is 24 months and will expire september 2025.So hurry up before your favorite color is sold out.'}","{'UID': 29, 'Review_ID': 5, 'Name': '3***2', 'Rating': 3, 'Text': ""In description section it says: What's in the box = 1 Phone , 1 Charger. But there is no Charger in the box. I know Samsung latest phone don't have chargers anymore, But then, why did your write it Like that. Moreover, the description/Specification Style of this phone in the daraz store was the worst thing I have ever seen. Kindly hire someone good. Other then of that, Original Seller(Samsung Flagship Store) is Selling Original/Sealed mobile phones. Good Delivery Service. So overall 3 Star""}","{'UID': 29, 'Review_ID': 6, 'Name': 'faizan R.', 'Rating': 5, 'Text': '#RWC2. Genuine product with quick delivery.'}",,,,,,,
58,,,,,,,,"{'UID': 30, 'Review_ID': 1, 'Name': 'habib H.', 'Rating': 5, 'Text': 'mobile ki packing bhi achi ha.or original sumsang ki packing ki halat ma received howa ha dil khush kar diya daraz ki service na'}","{'UID': 30, 'Review_ID': 2, 'Name': 'Mrs A.', 'Rating': 3, 'Text': 'Nice Cell phone delivered safely but 1 thing is shameful that no adopter with mobile at this heavy price.. only data cable found in the box .. Great services by daraz'}","{'UID': 30, 'Review_ID': 3, 'Name': 'UMER', 'Rating': 5, 'Text': 'Thanks a lot Daraz for their phenomenal service and a great discount of 5000 the device is very reasonablekeeping the current situation of the inflation I would highly recommend this over all other Chinese brands the look and feel of the device is awesome same like the flagship series of samsung and performance is also acceptable overall the only drawback being the charger not included with the device, which adds another couple of thousand to the already inflated price But still I like the phone thanks again daraz for providing the great experience and service Thanks a lot Daraz ğŸ˜Šâ£ï¸ğŸ’¥'}",,,,,,,
59,,,,,,,,"{'UID': 30, 'Review_ID': 4, 'Name': 'habib H.', 'Rating': 5, 'Text': 'mobile ki packing bhi achi ha.or original sumsang ki packing ki halat ma received howa ha dil khush kar diya daraz ki service na'}","{'UID': 30, 'Review_ID': 5, 'Name': 'Mrs A.', 'Rating': 3, 'Text': 'Nice Cell phone delivered safely but 1 thing is shameful that no adopter with mobile at this heavy price.. only data cable found in the box .. Great services by daraz'}","{'UID': 30, 'Review_ID': 6, 'Name': 'UMER', 'Rating': 5, 'Text': 'Thanks a lot Daraz for their phenomenal service and a great discount of 5000 the device is very reasonablekeeping the current situation of the inflation I would highly recommend this over all other Chinese brands the look and feel of the device is awesome same like the flagship series of samsung and performance is also acceptable overall the only drawback being the charger not included with the device, which adds another couple of thousand to the already inflated price But still I like the phone thanks again daraz for providing the great experience and service Thanks a lot Daraz ğŸ˜Šâ£ï¸ğŸ’¥'}",,,,,,,
60,,,,,,,,"{'UID': 31, 'Review_ID': 1, 'Name': '3***0', 'Rating': 4, 'Text': 'Deliver in 3 days No warrenty card No handfrees in box Only charger and low quality backcover in box Light weight Pakistan make set sparx Not Techno Spark Neo X But har cheez kam kar rahi hai design Acha hai Color Jo mangwaya wohi aya'}","{'UID': 31, 'Review_ID': 2, 'Name': '3***1', 'Rating': 5, 'Text': 'Bht acha mobile he .Thank you.EXCELLENT Service.Delivered on time.'}","{'UID': 31, 'Review_ID': 3, 'Name': 'Muhammad M.', 'Rating': 5, 'Text': 'so reasonable so beautiful just like a woo â¤ï¸ğŸ˜ŠğŸ˜‚ thanks daraz and thnks seller ğŸ‘'}",,,,,,,
61,,,,,,,,"{'UID': 31, 'Review_ID': 4, 'Name': '3***0', 'Rating': 4, 'Text': 'Deliver in 3 days No warrenty card No handfrees in box Only charger and low quality backcover in box Light weight Pakistan make set sparx Not Techno Spark Neo X But har cheez kam kar rahi hai design Acha hai Color Jo mangwaya wohi aya'}","{'UID': 31, 'Review_ID': 5, 'Name': '3***1', 'Rating': 5, 'Text': 'Bht acha mobile he .Thank you.EXCELLENT Service.Delivered on time.'}","{'UID': 31, 'Review_ID': 6, 'Name': 'Muhammad M.', 'Rating': 5, 'Text': 'so reasonable so beautiful just like a woo â¤ï¸ğŸ˜ŠğŸ˜‚ thanks daraz and thnks seller ğŸ‘'}",,,,,,,
62,,,,,,,,,,,,,,,,,
63,,,,,,,,,,,,,,,,,
64,,,,,,,,"{'UID': 33, 'Review_ID': 1, 'Name': 'Rizwan A.', 'Rating': 5, 'Text': 'befor 11.11 Sale Excellent Masha Allah and Jazak Allah for seller Allah karobar me barkat de same as shown or saller ne mujhe new dia stock abhi warrant start bhi nhi hui hai jan-24 se Dec-23 ki Warenty hai Thank You Seller & Daraz jitni Tareef ki jai kam hai 100% Geniun & Recomended'}","{'UID': 33, 'Review_ID': 2, 'Name': 'M H.', 'Rating': 5, 'Text': 'excelllent quality same as shown super sy bhi uper daraz sy jab bhi order kia A One rha i love daraz tanx seller also hamara itemaad bnanay k liayğŸ‘©\u200dğŸ“'}","{'UID': 33, 'Review_ID': 3, 'Name': 'Zahid A.', 'Rating': 5, 'Text': 'great it as shown it was my 6th order good experience highly recommanded daraz ...A weekness delivery is too slow..... thanks Daraz and seller...mob have no privacy system very bad'}",,,,,,,
65,,,,,,,,"{'UID': 33, 'Review_ID': 4, 'Name': 'Rizwan A.', 'Rating': 5, 'Text': 'befor 11.11 Sale Excellent Masha Allah and Jazak Allah for seller Allah karobar me barkat de same as shown or saller ne mujhe new dia stock abhi warrant start bhi nhi hui hai jan-24 se Dec-23 ki Warenty hai Thank You Seller & Daraz jitni Tareef ki jai kam hai 100% Geniun & Recomended'}","{'UID': 33, 'Review_ID': 5, 'Name': 'M H.', 'Rating': 5, 'Text': 'excelllent quality same as shown super sy bhi uper daraz sy jab bhi order kia A One rha i love daraz tanx seller also hamara itemaad bnanay k liayğŸ‘©\u200dğŸ“'}","{'UID': 33, 'Review_ID': 6, 'Name': 'Zahid A.', 'Rating': 5, 'Text': 'great it as shown it was my 6th order good experience highly recommanded daraz ...A weekness delivery is too slow..... thanks Daraz and seller...mob have no privacy system very bad'}",,,,,,,
66,,,,,,,,"{'UID': 34, 'Review_ID': 1, 'Name': 'Amjid H.', 'Rating': 5, 'Text': ""well packed, buht hi acha original mobile,, very fast delivery within just 2 days. good seller, I'm very happy and satisfied, thanks""}","{'UID': 34, 'Review_ID': 2, 'Name': 'Usman A.', 'Rating': 5, 'Text': 'mobile is 100% genuine....ğŸ˜ sealed pack.... seller is so much co operative... ğŸ¥° price is very low than other sellers or market....ğŸ‘ recommended to all....ğŸ‘ğŸ‘ thanks ğŸ’š'}","{'UID': 34, 'Review_ID': 3, 'Name': '0***8', 'Rating': 5, 'Text': 'Great seller, Awesome, thank you so much.recommended seller'}",,,,,,,
67,,,,,,,,"{'UID': 34, 'Review_ID': 4, 'Name': 'Amjid H.', 'Rating': 5, 'Text': ""well packed, buht hi acha original mobile,, very fast delivery within just 2 days. good seller, I'm very happy and satisfied, thanks""}","{'UID': 34, 'Review_ID': 5, 'Name': 'Usman A.', 'Rating': 5, 'Text': 'mobile is 100% genuine....ğŸ˜ sealed pack.... seller is so much co operative... ğŸ¥° price is very low than other sellers or market....ğŸ‘ recommended to all....ğŸ‘ğŸ‘ thanks ğŸ’š'}","{'UID': 34, 'Review_ID': 6, 'Name': '0***8', 'Rating': 5, 'Text': 'Great seller, Awesome, thank you so much.recommended seller'}",,,,,,,
68,,,,,,,,"{'UID': 35, 'Review_ID': 1, 'Name': '3***1', 'Rating': 5, 'Text': ""it's really was a good experience , mobile phone has a brand new look, it's performance in future will prove it's ultimate quality and cost effectiveness""}","{'UID': 35, 'Review_ID': 2, 'Name': 'Umer F.', 'Rating': 1, 'Text': 'The phone is damaged and is not working . Has been a week that I ordered a return request but havenâ€™t received any rider who can pick up the defected piece'}","{'UID': 35, 'Review_ID': 3, 'Name': '*******847', 'Rating': 3, 'Text': 'Ù¾Ù„ÛŒØ² Ø³Ø± Ø§Ù¾Ù†Ø§ Ú†ÛŒØ² ÙˆØ§Ù¾Ø³ Ù„Û’ Ø¬Ø§Ùˆ Ù†ÛÛŒÚº Ú†Ø§Û’ ÛÙ…'}",,,,,,,
69,,,,,,,,"{'UID': 35, 'Review_ID': 4, 'Name': '3***1', 'Rating': 5, 'Text': ""it's really was a good experience , mobile phone has a brand new look, it's performance in future will prove it's ultimate quality and cost effectiveness""}","{'UID': 35, 'Review_ID': 5, 'Name': 'Umer F.', 'Rating': 1, 'Text': 'The phone is damaged and is not working . Has been a week that I ordered a return request but havenâ€™t received any rider who can pick up the defected piece'}","{'UID': 35, 'Review_ID': 6, 'Name': '*******847', 'Rating': 3, 'Text': 'Ù¾Ù„ÛŒØ² Ø³Ø± Ø§Ù¾Ù†Ø§ Ú†ÛŒØ² ÙˆØ§Ù¾Ø³ Ù„Û’ Ø¬Ø§Ùˆ Ù†ÛÛŒÚº Ú†Ø§Û’ ÛÙ…'}",,,,,,,
70,,,,,,,,"{'UID': 36, 'Review_ID': 1, 'Name': '3***5', 'Rating': 5, 'Text': 'i loved the phone, its orignal n sealed brand new phone. Thank you seller.'}","{'UID': 36, 'Review_ID': 2, 'Name': 'M***.', 'Rating': 5, 'Text': '#11.11 excellent quality'}","{'UID': 36, 'Review_ID': 3, 'Name': 'Hassan A.', 'Rating': 3, 'Text': 'mujhe mbl receive howa hai good ğŸ‘ in time and same Samsung product Jo market mn 40000 mn mil rhi this wahine daraz pe 32500 mn Melissa hai'}",,,,,,,
71,,,,,,,,"{'UID': 36, 'Review_ID': 4, 'Name': '3***5', 'Rating': 5, 'Text': 'i loved the phone, its orignal n sealed brand new phone. Thank you seller.'}","{'UID': 36, 'Review_ID': 5, 'Name': 'M***.', 'Rating': 5, 'Text': '#11.11 excellent quality'}","{'UID': 36, 'Review_ID': 6, 'Name': 'Hassan A.', 'Rating': 3, 'Text': 'mujhe mbl receive howa hai good ğŸ‘ in time and same Samsung product Jo market mn 40000 mn mil rhi this wahine daraz pe 32500 mn Melissa hai'}",,,,,,,
72,,,,,,,,"{'UID': 37, 'Review_ID': 1, 'Name': 'Mohsin B.', 'Rating': 5, 'Text': 'Securely packed and delivered. Exactly as described and ordered. There was no Tech Sirat Warranty card in the box. So I have reservations there. Apart from the warranty card All is Well.'}","{'UID': 37, 'Review_ID': 2, 'Name': 'Majid R.', 'Rating': 5, 'Text': 'Very good product and delivered on time. so far this year it is the best phone in 50K'}","{'UID': 37, 'Review_ID': 3, 'Name': 'arshad I.', 'Rating': 5, 'Text': 'Received same as advertised with color'}",,,,,,,
73,,,,,,,,"{'UID': 37, 'Review_ID': 4, 'Name': 'Mohsin B.', 'Rating': 5, 'Text': 'Securely packed and delivered. Exactly as described and ordered. There was no Tech Sirat Warranty card in the box. So I have reservations there. Apart from the warranty card All is Well.'}","{'UID': 37, 'Review_ID': 5, 'Name': 'Majid R.', 'Rating': 5, 'Text': 'Very good product and delivered on time. so far this year it is the best phone in 50K'}","{'UID': 37, 'Review_ID': 6, 'Name': 'arshad I.', 'Rating': 5, 'Text': 'Received same as advertised with color'}",,,,,,,
74,,,,,,,,"{'UID': 38, 'Review_ID': 1, 'Name': 'Dr N.', 'Rating': 5, 'Text': 'MashAllah this seller Rocks once again. shayed kuch pakistanio k isi imaandari k badolat hamara mulk abhi tak salamat hai. Allah apke karobar main bht barkat dey. Excellant product. market main is rate main box pack available nhi. pehlay bhi maine inse Itel ka mobile lia tha wo bhi bht acha tha. Thanks alot seller and specially for Daraz to provide such reliable platform for us. jazak Allah.'}","{'UID': 38, 'Review_ID': 2, 'Name': 'Muhammad N.', 'Rating': 2, 'Text': 'not good mobile'}","{'UID': 38, 'Review_ID': 3, 'Name': 'Asad V.', 'Rating': 1, 'Text': 'Its not a good phone at all, Purana Software hy Q Mobile jesa chalta bi thk say nahi hy battery bi jaldi low krta hy, Sastay kay chakr ma apna time aur paisa waste na karen. .'}",,,,,,,
75,,,,,,,,"{'UID': 38, 'Review_ID': 4, 'Name': 'Dr N.', 'Rating': 5, 'Text': 'MashAllah this seller Rocks once again. shayed kuch pakistanio k isi imaandari k badolat hamara mulk abhi tak salamat hai. Allah apke karobar main bht barkat dey. Excellant product. market main is rate main box pack available nhi. pehlay bhi maine inse Itel ka mobile lia tha wo bhi bht acha tha. Thanks alot seller and specially for Daraz to provide such reliable platform for us. jazak Allah.'}","{'UID': 38, 'Review_ID': 5, 'Name': 'Muhammad N.', 'Rating': 2, 'Text': 'not good mobile'}","{'UID': 38, 'Review_ID': 6, 'Name': 'Asad V.', 'Rating': 1, 'Text': 'Its not a good phone at all, Purana Software hy Q Mobile jesa chalta bi thk say nahi hy battery bi jaldi low krta hy, Sastay kay chakr ma apna time aur paisa waste na karen. .'}",,,,,,,
76,,,,,,,,"{'UID': 39, 'Review_ID': 1, 'Name': 'Hamza R.', 'Rating': 5, 'Text': 'It was just awesome thanks daraz thank you so much Seller Same colour and outstanding service quick delivery...'}","{'UID': 39, 'Review_ID': 2, 'Name': '3***9', 'Rating': 5, 'Text': 'very nice and Good packing...Jo dekha aur kaha tha wo hi received howa 3rd time received product and excellent Daraz..Thanks'}","{'UID': 39, 'Review_ID': 3, 'Name': '3***3', 'Rating': 5, 'Text': 'Grey order kya thw or blue receive hua, Bx yehi waja h jw daraz pr trust ni hota'}",,,,,,,
77,,,,,,,,"{'UID': 39, 'Review_ID': 4, 'Name': 'Hamza R.', 'Rating': 5, 'Text': 'It was just awesome thanks daraz thank you so much Seller Same colour and outstanding service quick delivery...'}","{'UID': 39, 'Review_ID': 5, 'Name': '3***9', 'Rating': 5, 'Text': 'very nice and Good packing...Jo dekha aur kaha tha wo hi received howa 3rd time received product and excellent Daraz..Thanks'}","{'UID': 39, 'Review_ID': 6, 'Name': '3***3', 'Rating': 5, 'Text': 'Grey order kya thw or blue receive hua, Bx yehi waja h jw daraz pr trust ni hota'}",,,,,,,
78,,,,,,,,"{'UID': 40, 'Review_ID': 1, 'Name': 'Majid R.', 'Rating': 5, 'Text': 'Best mobile in this price I recommend others to buy this specially from this seller Seller is very good responsive #ReviewWorldCup'}","{'UID': 40, 'Review_ID': 2, 'Name': 'Gul N.', 'Rating': 5, 'Text': 'Ù…Ø§Ø´Ø§ ï·² Ø§ÙˆØ±ÛŒØ¬Ù†Ù„ Ù¾ÛŒÚ©Ù†Ú¯ Ø§ÙˆØ± ÙØ§Ø³Ù¹ ÚˆÙ„ÛŒÙˆØ±ÛŒ Ù‚Ø§Ø¨Ù„ Ø§Ø¹ØªÙ…Ø§Ø¯ Ø³ÛŒÙ„Ø± Ø´Ú©Ø±ÛŒÛ'}","{'UID': 40, 'Review_ID': 3, 'Name': 'Atika K.', 'Rating': 5, 'Text': 'Boht acha tajurba,raha, very kind perdon seller,,her bat ka boht achy sy reply kia,,mjhy ordrr jaldi chahye tha within 2 days mien order milgya,,box pack packing,,delivery bhi fast hui, ,Allah is seller k karobar mien taraqi dy'}",,,,,,,
79,,,,,,,,"{'UID': 40, 'Review_ID': 4, 'Name': 'Majid R.', 'Rating': 5, 'Text': 'Best mobile in this price I recommend others to buy this specially from this seller Seller is very good responsive #ReviewWorldCup'}","{'UID': 40, 'Review_ID': 5, 'Name': 'Gul N.', 'Rating': 5, 'Text': 'Ù…Ø§Ø´Ø§ ï·² Ø§ÙˆØ±ÛŒØ¬Ù†Ù„ Ù¾ÛŒÚ©Ù†Ú¯ Ø§ÙˆØ± ÙØ§Ø³Ù¹ ÚˆÙ„ÛŒÙˆØ±ÛŒ Ù‚Ø§Ø¨Ù„ Ø§Ø¹ØªÙ…Ø§Ø¯ Ø³ÛŒÙ„Ø± Ø´Ú©Ø±ÛŒÛ'}","{'UID': 40, 'Review_ID': 6, 'Name': 'Atika K.', 'Rating': 5, 'Text': 'Boht acha tajurba,raha, very kind perdon seller,,her bat ka boht achy sy reply kia,,mjhy ordrr jaldi chahye tha within 2 days mien order milgya,,box pack packing,,delivery bhi fast hui, ,Allah is seller k karobar mien taraqi dy'}",,,,,,,
80,,,,,,,,"{'UID': 41, 'Review_ID': 1, 'Name': 'Muhammad B.', 'Rating': 5, 'Text': ""Unbelievable! phone is 100 percent original and value for money, don't know how seller managed to offer the phone in such a cheap price, moreover its officially PTA approved. seller deserves 10 stars""}","{'UID': 41, 'Review_ID': 2, 'Name': 'Musadique S.', 'Rating': 5, 'Text': 'Genuine samsung mobile, well packed, pta approved. I like it. Very beautiful mobile and hope it will be long lasting experience. #11.11'}","{'UID': 41, 'Review_ID': 3, 'Name': 'S***.', 'Rating': 5, 'Text': '#11.11 Mobile without mobile warranty card, charger but seems good, packing was not good delivery is pathatic'}",,,,,,,
81,,,,,,,,"{'UID': 41, 'Review_ID': 4, 'Name': 'Muhammad B.', 'Rating': 5, 'Text': ""Unbelievable! phone is 100 percent original and value for money, don't know how seller managed to offer the phone in such a cheap price, moreover its officially PTA approved. seller deserves 10 stars""}","{'UID': 41, 'Review_ID': 5, 'Name': 'Musadique S.', 'Rating': 5, 'Text': 'Genuine samsung mobile, well packed, pta approved. I like it. Very beautiful mobile and hope it will be long lasting experience. #11.11'}","{'UID': 41, 'Review_ID': 6, 'Name': 'S***.', 'Rating': 5, 'Text': '#11.11 Mobile without mobile warranty card, charger but seems good, packing was not good delivery is pathatic'}",,,,,,,
82,,,,,,,,"{'UID': 42, 'Review_ID': 1, 'Name': 'Gohar I.', 'Rating': 5, 'Text': 'this is the initial review. the phone is the same as shown.good thing is that it is managed directly by Daraz. packaging was amazing. order came 1 day late only.'}","{'UID': 42, 'Review_ID': 2, 'Name': 'Yasir Q.', 'Rating': 5, 'Text': 'Daraz is very helpfulğŸ˜ğŸ˜I was not have enough money to buy this range mobile so i buy on installment from darazğŸ˜ğŸ˜ğŸ˜ Mobile ki look boht achi hy or is range mai best hyğŸ˜Thanks daraz and sellerğŸ¤“'}","{'UID': 42, 'Review_ID': 3, 'Name': '3***4', 'Rating': 3, 'Text': 'Camera satisfactory nh ha, Baki mobile ok ha'}",,,,,,,
83,,,,,,,,"{'UID': 42, 'Review_ID': 4, 'Name': 'Gohar I.', 'Rating': 5, 'Text': 'this is the initial review. the phone is the same as shown.good thing is that it is managed directly by Daraz. packaging was amazing. order came 1 day late only.'}","{'UID': 42, 'Review_ID': 5, 'Name': 'Yasir Q.', 'Rating': 5, 'Text': 'Daraz is very helpfulğŸ˜ğŸ˜I was not have enough money to buy this range mobile so i buy on installment from darazğŸ˜ğŸ˜ğŸ˜ Mobile ki look boht achi hy or is range mai best hyğŸ˜Thanks daraz and sellerğŸ¤“'}","{'UID': 42, 'Review_ID': 6, 'Name': '3***4', 'Rating': 3, 'Text': 'Camera satisfactory nh ha, Baki mobile ok ha'}",,,,,,,
84,,,,,,,,"{'UID': 43, 'Review_ID': 1, 'Name': 'Snake E.', 'Rating': 5, 'Text': 'I got what was shown, but I want to tell about the seller that my chat was not responded even after a couple of days, so please make your availability there so that the customer can place the order with full sitesify. Because the amount matters But my goal was to buy the product from there, so I took what I have and it is ğŸ’¯ %authentic, and the warranty has not started yet, But the handsfree did not come out of the box, maybe not provided by the company. So the Overall experience was great and the seller is highly recommended. Thanks Daraz & Seller.ğŸ¥°'}","{'UID': 43, 'Review_ID': 2, 'Name': 'israr A.', 'Rating': 5, 'Text': 'Great Experience as usual and I have purchased many mobiles from DARAZ but this time get maximum discount in 11/11 Sales on Note 30 pro'}","{'UID': 43, 'Review_ID': 3, 'Name': 'basit 7.', 'Rating': 4, 'Text': 'Asalam o alikum so nice Mob bht acha hai ğŸ‘Œsame as show iâ€™m satisfied to daraz thanks daraz and delivery time also good'}",,,,,,,
85,,,,,,,,"{'UID': 43, 'Review_ID': 4, 'Name': 'Snake E.', 'Rating': 5, 'Text': 'I got what was shown, but I want to tell about the seller that my chat was not responded even after a couple of days, so please make your availability there so that the customer can place the order with full sitesify. Because the amount matters But my goal was to buy the product from there, so I took what I have and it is ğŸ’¯ %authentic, and the warranty has not started yet, But the handsfree did not come out of the box, maybe not provided by the company. So the Overall experience was great and the seller is highly recommended. Thanks Daraz & Seller.ğŸ¥°'}","{'UID': 43, 'Review_ID': 5, 'Name': 'israr A.', 'Rating': 5, 'Text': 'Great Experience as usual and I have purchased many mobiles from DARAZ but this time get maximum discount in 11/11 Sales on Note 30 pro'}","{'UID': 43, 'Review_ID': 6, 'Name': 'basit 7.', 'Rating': 4, 'Text': 'Asalam o alikum so nice Mob bht acha hai ğŸ‘Œsame as show iâ€™m satisfied to daraz thanks daraz and delivery time also good'}",,,,,,,
86,,,,,,,,"{'UID': 44, 'Review_ID': 1, 'Name': '3***8', 'Rating': 5, 'Text': 'Alhamdulillah same recieved as shown in picture. Same specifications A1 condition and fast delivery. Thanks Daraz. i recmond it and i order one more.'}","{'UID': 44, 'Review_ID': 2, 'Name': '3***1', 'Rating': 4, 'Text': 'achhi packing but charging adapter was normal no handsfree no protector no mobile cover baqi use kr ke pta chalay ga dekhnay nice hai'}","{'UID': 44, 'Review_ID': 3, 'Name': 'Haseeb A.', 'Rating': 3, 'Text': 'mobile is just go0d. average in use.. bettery timing is go0d.. camera is just average. overall ghar use k lia thek hai jaha bs call waghaira k lia instmal hota ho'}",,,,,,,
87,,,,,,,,"{'UID': 44, 'Review_ID': 4, 'Name': '3***8', 'Rating': 5, 'Text': 'Alhamdulillah same recieved as shown in picture. Same specifications A1 condition and fast delivery. Thanks Daraz. i recmond it and i order one more.'}","{'UID': 44, 'Review_ID': 5, 'Name': '3***1', 'Rating': 4, 'Text': 'achhi packing but charging adapter was normal no handsfree no protector no mobile cover baqi use kr ke pta chalay ga dekhnay nice hai'}","{'UID': 44, 'Review_ID': 6, 'Name': 'Haseeb A.', 'Rating': 3, 'Text': 'mobile is just go0d. average in use.. bettery timing is go0d.. camera is just average. overall ghar use k lia thek hai jaha bs call waghaira k lia instmal hota ho'}",,,,,,,
